"ID","USER_ID","FIRST_NAME","LAST_NAME","EMAIL","PHONE_NUM","IMAGE","GENDER","ADDRESS","DATE_OF_BIRTH","PASSWORD","DATE_CREATED"
"1","D21001","John","Williams","jwest@gmail.com","8802279125",,"M","5455 Young Inlet
Port Leahbury, NJ 11670","11/12/1971 00:00:00","BF35C179B5CCC653023750EA3F84EB16","17/10/2020 00:08:35"
"8","D21008","Jessica","Jackson","megan24@hotmail.com","8805120770",,"F","9548 Steve Island
New Deborah, MI 43966","9/12/1978 00:00:00","3C636786117F88A0290B17C903B067FD","17/10/2020 00:08:38"
"9","D21009","Caleb","Ross","christopher24@gmail.com","8806853832",,"M","2815 Castillo Avenue Apt. 112
Cynthiamouth, UT 77019","7/12/1985 00:00:00","BCE0E826D3BDECB3227D56C56812B710","17/10/2020 00:08:39"
"10","D21010","Andrew","Smith","albertramsey@yahoo.com","8807910259",,"M","4040 Kelly Expressway
North Katrinaton, VA 35229","12/12/1964 00:00:00","869F32DDF9C89A8CA56CE07A108F35C8","17/10/2020 00:08:39"
"11","D21011","James","Gordon","gracerowe@yahoo.com","8806856892",,"M","27191 Schaefer Turnpike
Castilloside, CT 98064","7/12/1984 00:00:00","3662025AEC7C776BD8DAF13827958D5C","17/10/2020 00:08:39"
"12","D21012","Jennifer","Brown","kwilson@gmail.com","8807143494",,"F","08710 Tammy Street Suite 161
South Nicole, NC 16656","8/12/1980 00:00:00","72CD3FC8E590439C50A92941899D62B0","17/10/2020 00:08:39"
"13","D21013","Mr.","Joshua","rrichardson@hotmail.com","8803562482",,"M","398 Smith Stravenue Suite 981
Ballardfort, WI 68640","8/12/1983 00:00:00","691200A74AA81F59A913F05F96E19089","17/10/2020 00:08:39"
"14","D21014","James","Buchanan","jamesbuchanon@gmail.com","8806529387",,"M","640 Scott Points
South Paulaland, CA 55584","10/12/1973 00:00:00","9C634A32C122966865E6A6837270D766","17/10/2020 00:08:40"
"15","D21015","Heather","Chandler","rebeccaclarke@yahoo.com","8803334268",,"F","686 Ward Plaza Suite 575
West Brendashire, KY 31581","7/12/1987 00:00:00","E46937F628F25A169D9DA3CB6C309722","17/10/2020 00:08:40"
"16","D21016","Robert","Hess","markdiaz@yahoo.com","8808653685",,"M","179 Stephenson Walk Apt. 240
Christophershire, GA 51741","9/12/1977 00:00:00","98221C577409AA270447E0AD004A37EE","17/10/2020 00:08:40"
"17","D21017","William","Torres","ashley64@gmail.com","8808778795",,"M","66149 Zachary Square
Charlesfort, CO 11358","10/12/1972 00:00:00","54377A58D2801C8F2AD9FF6996DC11BB","17/10/2020 00:08:40"
"18","D21018","Monique","Smith","qosborn@gmail.com","8806183575",,"F","337 Martinez Meadow Apt. 617
Kellyshire, MO 81598","5/12/1995 00:00:00","6228B3542293C89D390DEE50F840563D","17/10/2020 00:08:40"
"19","D21019","Briana","Mclaughlin","hillmelanie@hotmail.com","8808954837",,"F","38921 Dalton Hollow Suite 296
North Adam, CA 73653","9/12/1978 00:00:00","E145F25EC6B9A76D9EBAA967806FCB6C","17/10/2020 00:08:40"
"20","D21020","Kevin","Lee","gregorymoore@hotmail.com","8803756609",,"M","96093 Smith Valley
Woodsfort, IL 70563","9/12/1977 00:00:00","ACCF37CA050053CBF62BA21CBFA92952","17/10/2020 00:08:41"
"21","D21021","George","Reese","orrthomas@yahoo.com","8803640214",,"M","6831 Adam Fall
Connieville, TX 69566","5/12/1993 00:00:00","2DF33E171214AD86653FA02BAA3011DA","17/10/2020 00:08:41"
"22","D21022","Christian","Pham","awood@yahoo.com","8809252747",,"M","508 Drake Rapid
West Vincent, AK 75338","6/12/1990 00:00:00","28CA1E80F0EC4A0109F554AFD44E0E55","17/10/2020 00:08:41"
"23","D21023","Annette","Soto","amanda79@gmail.com","8807615907",,"F","Unit 5659 Box 6844
DPO AP 28898","5/12/1992 00:00:00","CEC26AE16A4515C8C852CF9793F7D14B","17/10/2020 00:08:41"
"24","D21024","Danielle","Cooper","ybarrera@hotmail.com","8803826227",,"F","068 Lee Walks Suite 064
Johnmouth, OK 53420","5/12/1993 00:00:00","35C54A3B8AC26F0CE2A2E07DE19B9CF8","17/10/2020 00:08:41"
"25","D21025","Diane","Gordon","owong@hotmail.com","8807890872",,"F","37190 Duncan Shores Apt. 986
Nicolefurt, ME 44387","12/12/1965 00:00:00","37BF58CEB1A5F9AD33A92DEEFE790A98","17/10/2020 00:08:41"
"26","D21026","Christopher","Gallegos","hayeselizabeth@yahoo.com","8803345893",,"M","9289 Jackson Port
Lake Jeffrey, CO 15529","10/12/1974 00:00:00","12EAD7096722CACA1C2175153D53A3A2","17/10/2020 00:08:42"
"27","D21027","Melissa","Franco","matthew66@gmail.com","8807492320",,"F","27102 David Turnpike Apt. 372
Hamptonside, OH 47708","7/12/1985 00:00:00","FD6357259CA5F6447AC9BDAA1F4D7587","17/10/2020 00:08:42"
"28","D21028","Jacob","Myers","christinaandrews@hotmail.com","8809862692",,"M","676 Olson Trail Apt. 647
South Michellefurt, MD 56663","7/12/1987 00:00:00","3F96214947AB6219FF345E179540A3EA","17/10/2020 00:08:42"
"29","D21029","Sonya","Hill","kelly42@hotmail.com","8801402112",,"F","3271 Sarah Wells Apt. 946
New Jessicaside, CT 69526","8/12/1981 00:00:00","B46A3C417C600668DFA76D1CBABAA547","17/10/2020 00:08:42"
"30","D21030","Brian","Hoffman","karen13@yahoo.com","8805894593",,"M","301 Kara Ford Suite 808
Patrickland, NC 41240","8/12/1981 00:00:00","66EAC5236BC1634DF1ED07B466E3C371","17/10/2020 00:08:42"
"31","D21031","Jacqueline","Morrison","chase20@yahoo.com","8801046360",,"F","PSC 8170, Box 3041
APO AP 71739","4/12/1996 00:00:00","38BB1D094BFC02BA10C4B3769DA8F7CA","17/10/2020 00:08:42"
"53","P25003","Cheryl","Ward","lopezterri@yahoo.com","8809025459",,"F","63121 Patricia Loaf
West Margaret, IN 05787","8/12/1983 00:00:00","37A9ED1B1FD509B73E4C00D44DC0FF08","17/10/2020 00:08:46"
"54","P25004","Monica","Miller","iscott@yahoo.com","8802827461",,"F","13569 Jason Field
South Dannyfort, MT 13710","10/12/1974 00:00:00","36A8F5C53BCD196D0ADC308E057B48B4","17/10/2020 00:08:46"
"55","P25005","Julia","Turner","westangela@gmail.com","8807538775",,"F","PSC 0962, Box 6670
APO AE 79826","12/12/1966 00:00:00","D1FD0997F0FDE689C03FF5586635993A","17/10/2020 00:08:46"
"56","P25006","Christopher","Riley","chrisriley@yahoo.com","8807564996",,"M","886 Bates Circle
West Sharon, IN 86119","12/12/1967 00:00:00","6F7940846ECD1C456E063323498F1D3A","17/10/2020 00:08:46"
"57","P25007","Mary","Walker","riverasamantha@gmail.com","8805561351",,"F","USNV Lewis
FPO AE 36430","13/12/1963 00:00:00","A957A4C6CA47AE7E9EBBC6B762D8BF26","17/10/2020 00:08:47"
"58","P25008","Marcus","Mckinney","katherine88@hotmail.com","8801562661",,"M","05921 Teresa Pines Suite 139
Wilsonborough, IN 47953","9/12/1979 00:00:00","37E140B26E74378849D821F185633D9D","17/10/2020 00:08:47"
"59","P25009","Gregory","Johnson","john99@hotmail.com","8802729703",,"M","35854 Mckenzie Ford Apt. 802
Brownstad, AR 85981","11/12/1969 00:00:00","983C89EE36A5CA1905BB05957C5DC382","17/10/2020 00:08:47"
"60","P25010","Mr.","Kenneth","heather35@gmail.com","8802614295",,"M","734 Shane Row Suite 956
South Brendaville, CT 27834","5/12/1993 00:00:00","273EB714F85E32D443E1239CA4609054","17/10/2020 00:08:47"
"78","P25028","Barbara","Peters","shaun32@hotmail.com","8803664109",,"F","40570 Christensen Oval Apt. 565
South Jeffreyborough, HI 24646","4/12/1996 00:00:00","9CB596DCAFAD94550D1E8A2083A09D45","17/10/2020 00:08:50"
"79","P25029","Jose","Dunlap","joshua13@yahoo.com","8809662730",,"M","116 Buchanan Crossing Suite 721
Lewischester, OK 39330","10/12/1973 00:00:00","5C1139C5F6D15F22D76835503231C80B","17/10/2020 00:08:50"
"80","P25030","Kenneth","Hamilton","baileysteven@yahoo.com","8806029918",,"M","29161 Hernandez Spring Suite 055
Randallberg, NC 44002","12/12/1964 00:00:00","30627B9C5610C02690A2D8B508698640","17/10/2020 00:08:50"
"81","P25031","John","Walker","erik87@yahoo.com","8805870026",,"M","990 Brittany Way
East Beckyside, AR 35771","10/12/1975 00:00:00","9A5BBF1CEAD68264844915A080A22FD5","17/10/2020 00:08:50"
"82","P25032","Charles","Prince","karenknight@hotmail.com","8806454367",,"M","0541 Bryan Streets
Ronaldchester, IN 08204","9/12/1976 00:00:00","06657FC63A1FE984D08EBEF717612F40","17/10/2020 00:08:50"
"83","P25033","Jesse","Scott","maysrobert@hotmail.com","8805265263",,"M","241 Gonzalez Port
Port Donna, VT 49459","5/12/1992 00:00:00","E95147C3AA4C3B02CD9EBE987F069964","17/10/2020 00:08:51"
"84","P25034","Brent","Abbott","squinn@gmail.com","8804240582",,"M","22127 Olson Prairie Suite 845
Shawnfort, WV 19517","8/12/1980 00:00:00","16789878C796AAAE985707C4F2D6E696","17/10/2020 00:08:51"
"85","P25035","Rebecca","Arroyo","davidkirk@hotmail.com","8806928415",,"F","68334 Brown Trafficway Apt. 974
Evelynhaven, MA 36052","10/12/1972 00:00:00","1FFF44A3B947DBC518BAFF5AB98D36D5","17/10/2020 00:08:51"
"86","P25036","Joe","Murillo","elizabethhughes@hotmail.com","8802875499",,"M","645 Mark Lodge
South Thomasport, NJ 45086","8/12/1982 00:00:00","F25F8FC7AC5DACA297D7D402A7EABD4B","17/10/2020 00:08:51"
"87","P25037","Anna","Thomas","smithlaura@hotmail.com","8801819456",,"F","15286 Patricia Throughway
East Amandaborough, GA 97060","11/12/1968 00:00:00","B5B3E85ECD8DA37B83AD9FDB61D9D025","17/10/2020 00:08:51"
"88","P25038","Ricky","Dominguez","joanschmitt@yahoo.com","8808724770",,"M","4935 Campos Ramp
Matthewstad, NM 81491","5/12/1992 00:00:00","917A6072FEC5AD44BECA7296EECD5150","17/10/2020 00:08:51"
"89","P25039","Daniel","Clay","washingtonstacey@hotmail.com","8801650729",,"M","9750 Jeremy Pike
Brandonfurt, DC 41825","11/12/1971 00:00:00","EC599AED20FEC216778E50CFD8994F1D","17/10/2020 00:08:51"
"90","P25040","Jessica","Blair","wardcharles@yahoo.com","8808575342",,"F","4060 Rodriguez Spring
Georgeville, ID 06105","6/12/1991 00:00:00","60DFC028D68A364572443B6E24D0C4A4","17/10/2020 00:08:52"
"91","P25041","Maria","Johnston","alexamcknight@yahoo.com","8801042803",,"F","43840 Grimes Ford
East Ashley, KS 57007","9/12/1977 00:00:00","1F9046C91FFB8F6E3A3DE8BE687B8982","17/10/2020 00:08:52"
"2","D21002","Michael","Boone","ebrown@yahoo.com","8808717421",,"M","12683 Kelley Underpass Suite 051
Ellisfort, MT 50690","8/12/1982 00:00:00","03254F3610D65CFFBE1FEF995D2D355F","17/10/2020 00:08:36"
"3","D21003","Frank","Melendez","efox@gmail.com","8804977371",,"M","9079 Sherry Road Suite 484
Calebborough, MN 54755","6/12/1990 00:00:00","40F91EC3285629CDF615912321951176","17/10/2020 00:08:37"
"4","D21004","Amanda","Anderson","murphychristina@hotmail.com","8808346880",,"F","18724 Turner Well Apt. 928
Douglasmouth, OR 46847","6/12/1990 00:00:00","ADA87067E694D86E5E016C32E7CFE9EA","17/10/2020 00:08:37"
"5","D21005","Karen","Gross","mark91@hotmail.com","8807880185",,"F","83495 Teresa Fall Suite 373
Brockstad, NC 28835","5/12/1993 00:00:00","588506161B1A5B36A2D444F042BD9E65","17/10/2020 00:08:37"
"6","D21006","Stephanie","Horn","zshepard@gmail.com","8806139870",,"F","PSC 7527, Box 0985
APO AP 61926","12/12/1964 00:00:00","AA28A2E63DF4A5D60E1F00CA337C0704","17/10/2020 00:08:38"
"7","D21007","Steven","Pruitt","bergsusan@yahoo.com","8804073774",,"M","80764 Jason Cliff Apt. 081
New Philip, OK 10473","10/12/1972 00:00:00","B8B2D497A0739EE3DFA3290A1B27F624","17/10/2020 00:08:38"
"32","D21032","Alicia","Mendez","melissa46@yahoo.com","8805857185",,"F","2007 Rodriguez Well
Wintersstad, SD 09941","8/12/1982 00:00:00","082E48D55A417C031FB113C7D2786F3D","17/10/2020 00:08:42"
"33","D21033","Sean","Mueller","christina51@yahoo.com","8807892646",,"M","42827 Madison Cape Apt. 438
Bowenland, VT 10704","8/12/1983 00:00:00","8D1393AE7587E7E99B181AF5A2A0078E","17/10/2020 00:08:42"
"34","D21034","Patricia","Johnson","fritzjames@yahoo.com","8804608754",,"F","2543 Patrick Mountains
Port Michaelview, ID 25144","6/12/1990 00:00:00","B2B87C7515EAC71D6D7A409D18F5A382","17/10/2020 00:08:43"
"35","D21035","Jared","Parrish","mariah97@yahoo.com","8804860942",,"M","PSC 6928, Box 6669
APO AE 72527","9/12/1976 00:00:00","F8DFA4B2289038480016B2619C867E92","17/10/2020 00:08:43"
"36","D21036","John","Hunter","michaelholland@gmail.com","8802439186",,"M","11798 Bruce Corners
Johnsonborough, HI 91867","5/12/1992 00:00:00","9DEB801870D9A977D21568BE817F1F1C","17/10/2020 00:08:43"
"37","D21037","Laura","Clark","racheldiaz@hotmail.com","8807102313",,"F","PSC 3251, Box 6989
APO AP 78688","4/12/1996 00:00:00","08AB651B1803DD0EF1252F2B7555C30B","17/10/2020 00:08:43"
"38","D21038","Leah","Chen","nhoward@yahoo.com","8806817489",,"F","PSC 0676, Box 8226
APO AP 25993","9/12/1979 00:00:00","369C9115F9E80A40A93639288631873A","17/10/2020 00:08:43"
"39","D21039","Robert","Greene","wjenkins@gmail.com","8809313474",,"M","49291 Wesley Pike
Gibbsbury, OR 07441","8/12/1983 00:00:00","C7B2FE45EBC6D03FEF65C30382C08408","17/10/2020 00:08:44"
"40","D21040","Tamara","Green","gabrielleonard@gmail.com","8807836909",,"F","311 Hernandez Harbors Apt. 125
Weissbury, LA 82634","6/12/1990 00:00:00","BAF605B4EF1AA9C19813C4407F926E95","17/10/2020 00:08:44"
"41","D21041","Margaret","Martinez","patrick13@gmail.com","8801509021",,"F","140 Clark Fort
New Jillianfort, OR 92894","4/12/1996 00:00:00","69873DD13EE6E2D5D6BF054C2637B87B","17/10/2020 00:08:44"
"42","D21042","Amy","Johnson","woodroger@yahoo.com","8807825062",,"F","839 Maureen Wells
Barbaraland, GA 41072","10/12/1974 00:00:00","567A70179F7235F680B2D86ADD6656AD","17/10/2020 00:08:44"
"43","D21043","Brian","Walker","billy25@hotmail.com","8801687735",,"M","2339 Kenneth Glen
Scottberg, MD 42069","12/12/1964 00:00:00","14064026D76F5D9469C49A627AFCDFBE","17/10/2020 00:08:44"
"44","D21044","William","Meyer","jessica78@gmail.com","8805541332",,"M","7536 Kimberly Corners
Nicolestad, RI 75842","6/12/1988 00:00:00","887643308CCCB8C37C7EB868687E88E5","17/10/2020 00:08:44"
"45","D21045","Robert","Murphy","espinozascott@yahoo.com","8804905498",,"M","276 Bishop Mountains
East Ryan, PA 41595","5/12/1995 00:00:00","1852CFA8491450737EE775C6FEB367A7","17/10/2020 00:08:44"
"46","D21046","Jason","Boyd","tammyramsey@yahoo.com","8807978495",,"M","1365 Chelsea Avenue Apt. 662
South Michaelview, WA 22437","9/12/1976 00:00:00","3D8F56A8C7AFC50C4FA24A3481691BEE","17/10/2020 00:08:45"
"47","D21047","James","Morgan","shannonhansen@hotmail.com","8808943574",,"M","117 Carmen Inlet
Whiteville, PA 74937","11/12/1968 00:00:00","3F7FC62AE0C014108EE72C6C41E39805","17/10/2020 00:08:45"
"48","D21048","Kathryn","Alvarado","parkersarah@gmail.com","8808284608",,"F","110 Valenzuela Hills
Nataliefort, SD 80051","11/12/1971 00:00:00","042F6284F869230F61E6073F6D01A3B9","17/10/2020 00:08:45"
"49","D21049","Chase","Newman","jeffery40@hotmail.com","8803030507",,"M","12512 David View
Port Stephanieview, CA 87799","7/12/1985 00:00:00","E8EC3011D876206EB8720A4EF7695BF3","17/10/2020 00:08:45"
"50","D21050","Thomas","Hill","jason27@gmail.com","8805667806",,"M","94850 Wood Stream
Jenniferborough, KY 63326","13/12/1962 00:00:00","01494F99BD2FD9ABFB9CC0AF903D2B7E","17/10/2020 00:08:45"
"51","P25001","Samantha","Pugh","pugh@gmail.com","8807399356",,"F","1652 Scott Expressway
Port Kevinland, SD 96873","5/12/1993 00:00:00","DC3E371DD4F97A2337D741E55A51BE13","17/10/2020 00:08:45"
"52","P25002","Elizabeth","Peters","eli08@yahoo.com","8809297416",,"F","PSC 0669, Box 7912
APO AA 98303","6/12/1989 00:00:00","BACF89D654CB1FDE7BD191685D1EC00A","17/10/2020 00:08:46"
"61","P25011","Jeffrey","Sampson","whitney29@yahoo.com","8809976678",,"M","3156 Michael Plaza
New Ellen, MI 66672","7/12/1987 00:00:00","E9D2229864DA75F1141E8FFAE4FAF886","17/10/2020 00:08:47"
"62","P25012","Brianna","Washington","julian74@gmail.com","8806468599",,"F","34518 Chelsea Centers Suite 292
Port Miguel, NH 11202","7/12/1986 00:00:00","3DEA4BCAC1C08DB0EB522993DBFB20FF","17/10/2020 00:08:47"
"63","P25013","Brad","Serrano","bennettteresa@yahoo.com","8804102598",,"M","2500 John Manor
South Thomasberg, MN 95912","8/12/1983 00:00:00","7569E005A6FC81728EB1360F75C402B6","17/10/2020 00:08:48"
"64","P25014","Ashley","Haynes","robertogrant@gmail.com","8807238882",,"F","Unit 5549 Box 3312
DPO AP 93742","6/12/1990 00:00:00","0162C635D15D81B9ACEDE389E407355C","17/10/2020 00:08:48"
"65","P25015","Anne","Vasquez","dturner@yahoo.com","8803872951",,"F","29607 Felicia Branch
Mollyfurt, RI 90732","6/12/1988 00:00:00","461F424E442BED186D57FED026E442E9","17/10/2020 00:08:48"
"66","P25016","Veronica","Evans","wgomez@hotmail.com","8804164005",,"F","0515 Wilson Vista
East Lindafurt, MS 04312","12/12/1966 00:00:00","6C8CBBD431DB389617BE1C9B0B2DAA0A","17/10/2020 00:08:48"
"67","P25017","Megan","Conrad","andrewolsen@hotmail.com","8809081750",,"F","5345 Williams Crescent
Wagnerchester, DE 64200","5/12/1992 00:00:00","9D421E10AA11D0AED9A6852357B1C56B","17/10/2020 00:08:48"
"68","P25018","Thomas","Murillo","michaelcain@gmail.com","8806386628",,"M","643 Gray Drives Suite 552
New Ericamouth, IA 03622","8/12/1981 00:00:00","A3450D31A3FE54278698F8D9140A0532","17/10/2020 00:08:48"
"69","P25019","Curtis","Wade","emily51@gmail.com","8806403856",,"M","071 Ryan Fort Apt. 184
Cynthiafurt, CA 32450","12/12/1966 00:00:00","6ABDBC84676EEDC5A87D772705DE2C45","17/10/2020 00:08:48"
"70","P25020","Hayley","Neal","whiteanthony@hotmail.com","8808914757",,"F","86570 William Centers Apt. 351
North Kristinaland, NY 71792","9/12/1977 00:00:00","7E0831613BA25C2899A2CF5127EE02A3","17/10/2020 00:08:49"
"71","P25021","Dale","Ward","ramirezchristopher@gmail.com","8808239592",,"M","18185 Rebecca Islands Suite 132
Trevorbury, AK 33485","4/12/1996 00:00:00","26D75334360D91559C63B33809BB49D3","17/10/2020 00:08:49"
"72","P25022","Katie","Gutierrez","amysmith@yahoo.com","8808179682",,"F","0287 King Estate
South Jacob, NJ 16388","12/12/1965 00:00:00","A03CD8E796B74C44B65AF4F53342011D","17/10/2020 00:08:49"
"73","P25023","Justin","Anthony","wheelererika@yahoo.com","8805790185",,"M","4464 Anthony Harbor
North Jasonfort, NE 67046","8/12/1982 00:00:00","0AEF1DA6952E7C6A93367CC76C95C702","17/10/2020 00:08:49"
"74","P25024","Monica","Thomas","sullivanjoshua@yahoo.com","8803639038",,"F","4556 Sanders Prairie
Robertton, SC 97463","6/12/1990 00:00:00","4BDB543E23B92E5DFAA0947119C948C1","17/10/2020 00:08:49"
"75","P25025","Kathryn","Sherman","pfloyd@hotmail.com","8806369456",,"F","1338 Jean Radial
Jeremiahfurt, OH 16680","6/12/1991 00:00:00","6975E207881957D17BA074AFDF16E429","17/10/2020 00:08:49"
"76","P25026","Amy","Gross","nross@hotmail.com","8809410071",,"F","USNV Haynes
FPO AE 23325","8/12/1983 00:00:00","599629257C34623F5609ECE40C330FCD","17/10/2020 00:08:49"
"77","P25027","Janet","Williamson","mary83@gmail.com","8805921371",,"F","50796 Cunningham Mountains
Micheleshire, NJ 22255","13/12/1963 00:00:00","DD68688CD0BEF944D561E56BA0FB0546","17/10/2020 00:08:50"
"92","P25042","Margaret","Salas","brendaanderson@gmail.com","8804442052",,"F","Unit 4342 Box 9727
DPO AA 80767","7/12/1986 00:00:00","B93AB1C8856C7BC9EEEA1F0D311BDA5D","17/10/2020 00:08:52"
"93","P25043","Wendy","Church","ysmith@yahoo.com","8805291286",,"F","USCGC Peterson
FPO AA 03940","13/12/1963 00:00:00","3E33476974DCC28FCD377F22816AEDA0","17/10/2020 00:08:52"
"94","P25044","Katrina","Jennings","mhaney@gmail.com","8808920618",,"F","440 Valentine Rest Apt. 254
Butlertown, OH 89949","13/12/1962 00:00:00","8DCE7D5E919F7E3F29B61FA5B274D921","17/10/2020 00:08:52"
"95","P25045","Steven","Logan","dcarey@yahoo.com","8805942353",,"M","6227 Gomez Meadow Apt. 864
Thompsonborough, GA 45231","8/12/1981 00:00:00","3C7DE60B6C0E2D60E133E0073CECB3E9","17/10/2020 00:08:52"
"96","P25046","Kelsey","White","xkelly@gmail.com","8809634433",,"F","770 Brian Mills
Lake Lindsey, TX 20987","7/12/1984 00:00:00","A0AF0AD0DC3ECA0264EFD5B08DD5B3FF","17/10/2020 00:08:52"
"97","P25047","Kimberly","Gutierrez","catherinegrant@gmail.com","8803034621",,"F","PSC 4772, Box 8642
APO AA 69196","10/12/1974 00:00:00","C38A819B06E8B0A5AC222D463EE88D82","17/10/2020 00:08:53"
"98","P25048","Sergio","Sims","mmaldonado@gmail.com","8807573736",,"M","5374 Andrew Cliff Suite 436
Millermouth, NV 39747","12/12/1966 00:00:00","E296FF06EEAD38F3BA316035CCAAC4C1","17/10/2020 00:08:53"
"99","P25049","Ryan","Jackson","qbooth@gmail.com","8808637068",,"M","58005 Riley Greens Apt. 890
East Aaronview, MA 91412","11/12/1971 00:00:00","B21C6F4482F529CD0DE058DDBCC9B722","17/10/2020 00:08:53"
"100","P25050","Victor","Knight","victorKnight@hotmail.com","8801763540",,"M","106 Kimberly Crest
East Emily, NJ 08994","8/12/1983 00:00:00","4A4CA09221617C317B1E849865084C76","17/10/2020 00:08:53"
"101","P25051","Thomas","Rodriguez","alice92@hotmail.com","8805885152",,"M","50091 Jimenez Mission Apt. 604
Annland, OK 78188","8/12/1983 00:00:00","C5CA4AEC01B1430C6CFD376AE124FF74","17/10/2020 00:08:53"
"102","P25052","Dr.","Kimberly","amandaallen@gmail.com","8802130364",,"F","0731 Christopher Loop Apt. 646
New Davidville, MS 98174","6/12/1990 00:00:00","6CD482448D3BD5936995FF67C764EA6E","17/10/2020 00:08:53"
"103","P25053","Nancy","Yates","yandersen@hotmail.com","8806003502",,"F","805 William Tunnel Apt. 606
Nicholsonhaven, NM 74834","7/12/1987 00:00:00","2536735D90A6368811F0BDCB2F2B6117","17/10/2020 00:08:54"
"104","P25054","Kimberly","Obrien","jessica02@gmail.com","8807749030",,"F","500 Valentine Street Suite 049
Lake Amyport, IN 77841","12/12/1965 00:00:00","2764897115274C35A09988C10273B1E8","17/10/2020 00:08:54"
"105","P25055","Debra","Robertson","smithrichard@yahoo.com","8809070695",,"F","56162 Daniel Forges Apt. 521
South Jordan, AL 47525","9/12/1977 00:00:00","D0EED0E50CBB8B1C9B52D2A3631F6BCB","17/10/2020 00:08:54"
"106","P25056","Justin","Walls","hoganjeffery@yahoo.com","8807685648",,"M","337 Jason Keys Suite 471
South Holly, WY 63481","5/12/1995 00:00:00","CE5F00A99EDEACAA58EBC50292623520","17/10/2020 00:08:54"
"107","P25057","Erica","Yoder","julie27@gmail.com","8806942778",,"F","2003 Graves Place Apt. 614
Arroyoberg, PA 51165","9/12/1977 00:00:00","0D00BA200036B9B7A2AD77708B49CDB7","17/10/2020 00:08:54"
"108","P25058","Amber","Hernandez","humphreybill@yahoo.com","8805775375",,"F","2284 Shannon Spur Suite 026
New Christinahaven, HI 08958","10/12/1974 00:00:00","7B39DA028A3D045D9762FDFA24F2D514","17/10/2020 00:08:54"
"109","P25059","Spencer","Carpenter","rioskatherine@hotmail.com","8807917216",,"M","9825 Michael Tunnel Suite 812
Fergusonhaven, MI 76412","5/12/1995 00:00:00","5FCC3B68F2B692D7D9808A9F9311C551","17/10/2020 00:08:55"
"110","P25060","Dr.","Samantha","rachelhill@gmail.com","8801059854",,"F","36012 Maria Glens
South Cynthia, IN 15166","12/12/1964 00:00:00","E19131E6C46F630E930C9020E1024246","17/10/2020 00:08:55"
"111","P25061","Marco","Williams","randywhite@hotmail.com","8802861612",,"M","72495 Kristen Pine
Louisfurt, AR 71655","8/12/1981 00:00:00","EBA0C70359E5816DFF33CB137BE10AA4","17/10/2020 00:08:55"
"112","P25062","Stacy","Brown","wrodriguez@gmail.com","8806982532",,"F","7540 Lopez Pass
East Douglas, NC 97703","13/12/1963 00:00:00","09EB4E7F904C45C7D94256E1F1F312F9","17/10/2020 00:08:55"
"113","P25063","Jennifer","Miller","scottphillip@gmail.com","8802298338",,"F","752 Trevino Stream
Danielsburgh, RI 36142","5/12/1992 00:00:00","731082545CF087E5C6EE0CCB378E1EED","17/10/2020 00:08:55"
"114","P25064","Karina","Morris","tluna@hotmail.com","8802069650",,"F","179 Monica Junction Suite 434
Nicholasstad, RI 30613","5/12/1994 00:00:00","21709BC97146EEC856BDAE9D48CD485E","17/10/2020 00:08:56"
"115","P25065","Jose","Russell","wardtravis@yahoo.com","8807852319",,"M","284 Hopkins Plain Apt. 846
Port Anthonystad, MN 88210","7/12/1985 00:00:00","A89363F70DCA4FB7CA878CB0FA89ADE8","17/10/2020 00:08:56"
"116","P25066","Ashley","Brown","melindahowe@yahoo.com","8803720952",,"F","5981 Alicia Cove Suite 237
South Jordan, NV 98929","5/12/1992 00:00:00","7C66AA55067A813FB97CEB91C664B985","17/10/2020 00:08:56"
"117","P25067","Brian","Burgess","jesusedwards@hotmail.com","8803277750",,"M","Unit 0475 Box 8236
DPO AA 96421","9/12/1976 00:00:00","DDB176F8AC607BDB261F32FC6C722C97","17/10/2020 00:08:56"
"118","P25068","Victoria","Stuart","timothyavila@yahoo.com","8802815667",,"F","23562 Elizabeth Lock
Lake Michellebury, OK 30298","5/12/1992 00:00:00","B3C5C25BF62278F922CAD4AFE5CFD752","17/10/2020 00:08:57"
"119","P25069","Susan","Dalton","robertjensen@yahoo.com","8809931352",,"F","3241 Kathryn Vista Suite 691
West Rachelland, GA 41327","7/12/1987 00:00:00","DEC288B40266AAA224E59633D7F8364A","17/10/2020 00:08:57"
"120","P25070","Dr.","Juan","katelyn75@yahoo.com","8804988039",,"M","48064 Mason Hill
East Joeberg, IL 16484","11/12/1969 00:00:00","8DCD422BA197B7830E5AC8C5B03A21B1","17/10/2020 00:08:57"
"121","P25071","Duane","Harris","davidpena@gmail.com","8804408086",,"M","31206 Robinson Drive Apt. 582
East Jesse, AR 32048","12/12/1965 00:00:00","0017361F2A08232BC817D7F30487A6AA","17/10/2020 00:08:57"
"122","P25072","Shawn","Horton","gailgrant@yahoo.com","8807453520",,"M","60880 Sean Lights Suite 618
New Leahview, CO 16024","9/12/1977 00:00:00","58BB5FCC560FD864D0674354870B2E19","17/10/2020 00:08:57"
"123","P25073","Michelle","Medina","rlawrence@gmail.com","8808600238",,"F","84003 Todd Mission Apt. 866
New Andrea, SC 06703","6/12/1990 00:00:00","E03B763784AF10D41B73F13DFE30A0CC","17/10/2020 00:08:57"
"124","P25074","Tracy","Nicholson","angela54@yahoo.com","8805542227",,"F","1725 Caleb Crossroad
New David, HI 16665","6/12/1988 00:00:00","0FFC81B96401A69568D438B5A46E52C9","17/10/2020 00:08:58"
"125","P25075","Michael","Scott","bailey36@gmail.com","8809890030",,"M","799 Tamara Drive Apt. 770
New Michaelport, RI 83940","10/12/1973 00:00:00","EE876704FF3E7485952265D1267AC71A","17/10/2020 00:08:58"
"126","P25076","Shannon","Thomas","leejohn@hotmail.com","8806935767",,"F","47439 Kirk Grove
Port Samuelton, AL 23052","7/12/1986 00:00:00","CB22F6348AADCE8F57AB47D85632E20A","17/10/2020 00:08:58"
"127","P25077","Julie","Valdez","dmadden@hotmail.com","8809846569",,"F","281 Wise Plains
Hernandeztown, MO 14175","13/12/1963 00:00:00","49216BB9CCABFE40C13E0934E98E287B","17/10/2020 00:08:58"
"128","P25078","Michael","Clark","hcarpenter@yahoo.com","8801288682",,"M","270 Harris Street Suite 246
Port Amanda, HI 62685","5/12/1995 00:00:00","46B2616D63F5D8CDE491A7E205C3D97A","17/10/2020 00:08:58"
"129","P25079","Xavier","Sanders","samuel36@hotmail.com","8809287977",,"M","076 Moore Extension
Port Charleschester, ME 08452","7/12/1984 00:00:00","2B938C8AF587A4F6583E9FB19E7E1511","17/10/2020 00:08:58"
"130","P25080","Christopher","Hicks","michael38@yahoo.com","8808778958",,"M","04605 Sloan Bridge Suite 231
Karenside, IA 45339","6/12/1989 00:00:00","FF384F81654B6CCEFA94F527BBBF1A56","17/10/2020 00:08:58"
"131","P25081","Victoria","Curry","ellen34@yahoo.com","8805859004",,"F","022 Brooks Pines
Millermouth, NC 81967","4/12/1996 00:00:00","4953995F08CA87ED7A6073BD12D24703","17/10/2020 00:08:59"
"132","P25082","David","Meyer","gamblematthew@hotmail.com","8807343074",,"M","87697 Austin Shores Suite 541
Feliciachester, NY 69831","9/12/1979 00:00:00","D28CB090930B1ADA245B332D205C04B0","17/10/2020 00:08:59"
"133","P25083","Danielle","Price","brittanyramirez@hotmail.com","8809780382",,"F","910 Aguilar Port Suite 286
North Richardside, MT 39547","12/12/1965 00:00:00","E8348C76A6EEDFB34670ACE7C862B250","17/10/2020 00:08:59"
"134","P25084","Alyssa","Hill","pwebb@hotmail.com","8801205640",,"F","PSC 0845, Box 4061
APO AP 05728","10/12/1974 00:00:00","93C67E3284AE66E576173BF8B88A3D7D","17/10/2020 00:08:59"
"135","P25085","Marcus","Carter","samuelmendez@yahoo.com","8805005785",,"M","45752 Lawson Valley Suite 624
Ruizshire, NY 96898","4/12/1996 00:00:00","5AE9FA16656E3CFC8B0B743ABE7AE226","17/10/2020 00:08:59"
"136","P25086","Michael","Willis","mfrazier@yahoo.com","8807837852",,"M","55210 Peck Isle
Lindsayton, NH 90377","6/12/1989 00:00:00","5E73748D68116B4F289990A0C7045158","17/10/2020 00:08:59"
"137","P25087","Jennifer","George","rmora@gmail.com","8801310812",,"F","2774 Hamilton Islands Suite 199
East Melissaview, KS 88931","5/12/1993 00:00:00","FCD939E542109BCBB83561948431CB6F","17/10/2020 00:09:00"
"138","P25088","Corey","May","aaron23@yahoo.com","8804355089",,"M","0434 Amber Cape
Smithfort, VA 45607","13/12/1963 00:00:00","063F4220619BEA79EAF14B1AF54FDB83","17/10/2020 00:09:00"
"139","P25089","Thomas","Navarro","btaylor@yahoo.com","8807749423",,"M","9614 Cory Fields
Lake Ann, FL 00903","4/12/1996 00:00:00","729B304B9EF6FE4A65A436434E1C8478","17/10/2020 00:09:00"
"140","P25090","Susan","Clark","juan33@gmail.com","8808128692",,"F","70677 Donna Lock
Lesliebury, IL 36419","7/12/1986 00:00:00","6D328C2D824E84008FAC67DBBB47C628","17/10/2020 00:09:00"
"141","P25091","Cynthia","Stanley","montgomerysean@gmail.com","8809210606",,"F","4444 Webster Courts
North Thomas, ID 46856","6/12/1990 00:00:00","BC0FB32859C0A78C91F0F90E75E2191E","17/10/2020 00:09:00"
"142","P25092","Ashley","Jacobs","stephanie21@hotmail.com","8809072542",,"F","USNS Carter
FPO AA 65967","7/12/1987 00:00:00","C3F6A82694F8A00BD73D79C4A19E6A9D","17/10/2020 00:09:01"
"143","P25093","Christine","Thomas","alexismcclure@gmail.com","8805447947",,"F","89671 Robert Walks Suite 676
Terrichester, IL 16005","9/12/1978 00:00:00","818A9D7355C2963D63445FDAD300FC29","17/10/2020 00:09:01"
"154","E28004","Michelle","Murphy","heatherjones@hotmail.com","8804286136",,"F","0722 Sandoval Cape
Warrenborough, MN 06528","12/12/1965 00:00:00","1191ED19AD491D4B50C39F334F53273E","17/10/2020 00:09:04"
"155","E28005","Jesse","Nguyen","stacey84@yahoo.com","8806647111",,"M","813 Carroll Flat
Williamschester, ID 24259","10/12/1972 00:00:00","2734C9CAE6D58479C09A15CCA769A6E1","17/10/2020 00:09:04"
"156","E28006","Aaron","Browning","cainrobert@gmail.com","8803761003",,"M","84974 Timothy Ford
Brandonstad, CT 46603","6/12/1989 00:00:00","0B44BAE02178E2211F74DD5772F69C1C","17/10/2020 00:09:04"
"157","E28007","Timothy","Price","timothy@gmail.com","8808718853",,"M","PSC 4319, Box 5560
APO AA 74103","10/12/1975 00:00:00","07EA50D8DD80B05F5405E38A958E8512","17/10/2020 00:09:04"
"158","E28008","Curtis","Bailey","kellytammy@gmail.com","8802235050",,"M","345 Wright Alley
Port Melissa, CT 90888","8/12/1983 00:00:00","3A62D30709497267AFA4C69C48FA20A6","17/10/2020 00:09:04"
"159","E28009","Stacey","Wood","melodywilliams@yahoo.com","8809537654",,"F","08401 Ruiz Shores Suite 287
South Brookefurt, MT 72533","5/12/1995 00:00:00","50CE24A99077D27912651F1429488643","17/10/2020 00:09:04"
"160","E28010","Alison","Riley","tabitha66@yahoo.com","8806151926",,"F","93318 King Ville
Nicholasfort, IN 82226","12/12/1965 00:00:00","6254B1F83CB082203D6AC3F5A43C339C","17/10/2020 00:09:05"
"161","E28011","Kimberly","Stephens","fmendez@gmail.com","8803558590",,"F","0430 Ramos Tunnel Suite 005
New Sonyatown, GA 46533","9/12/1976 00:00:00","88D1355B5098167B31075BED96CF82C4","17/10/2020 00:09:05"
"162","E28012","Joshua","Campbell","davidsonvalerie@yahoo.com","8802531078",,"M","05010 Burgess Brooks
Walkermouth, OR 49566","9/12/1976 00:00:00","F631F01EE25E0EB03951B8A815B9098D","17/10/2020 00:09:05"
"163","E28013","Joseph","Morris","vperez@hotmail.com","8801894902",,"M","062 Cisneros Path
Port Carol, AL 31761","5/12/1994 00:00:00","92CF74D1931F6A00370A9E12EDB33584","17/10/2020 00:09:05"
"164","E28014","Joseph","Torres","kathleen42@yahoo.com","8805616563",,"M","7441 Young Roads
South Geraldville, GA 90100","10/12/1974 00:00:00","D344C32CA97DCF950765626D0E4B1EED","17/10/2020 00:09:05"
"165","E28015","Logan","Norton","moralesanna@yahoo.com","8806312912",,"M","31379 Carlson Parkways Apt. 933
Stephenview, WV 60373","11/12/1970 00:00:00","734B5B86DD9A96D1986D5AC74D521008","17/10/2020 00:09:05"
"166","E28016","Randy","Thomas","michael24@gmail.com","8802499517",,"M","USNV Clark
FPO AP 95179","10/12/1972 00:00:00","0C6F16BF66C42380060A93E203C14FB0","17/10/2020 00:09:06"
"167","E28017","Melissa","Hanson","mcdonaldgloria@yahoo.com","8808727269",,"F","36272 John Mill Suite 927
Mooreberg, TX 97568","11/12/1970 00:00:00","2389E51E9A7E027FDD439AE3D58B39BC","17/10/2020 00:09:06"
"168","E28018","Heather","Arnold","coxchristie@yahoo.com","8809206701",,"F","Unit 0762 Box 0895
DPO AA 15089","5/12/1993 00:00:00","DF5AA7C3E8C32E3EA32B871DA160FE75","17/10/2020 00:09:06"
"169","E28019","Sheila","Le","nchan@hotmail.com","8805418783",,"F","3192 Anthony Circle Apt. 195
Thompsonmouth, GA 48713","12/12/1967 00:00:00","B3202AB13C5D2E5B738F74D4F4B62707","17/10/2020 00:09:06"
"170","E28020","Brandy","Gordon","levi60@gmail.com","8807326414",,"F","2438 Crystal Pike
Lake Karina, SC 21055","5/12/1993 00:00:00","654DC6C134AE95DF782CD7A5BD74FD61","17/10/2020 00:09:06"
"171","E28021","Russell","Ortiz","burgessthomas@hotmail.com","8803001799",,"M","68061 Judy Divide Suite 541
Hillton, MS 62315","12/12/1965 00:00:00","39660E097C31EDDCE48DCF54437F36B8","17/10/2020 00:09:06"
"172","E28022","Renee","Brown","martindiana@yahoo.com","8808553249",,"F","4080 Stevens Valley
New Jeffrey, WV 41624","6/12/1989 00:00:00","DF40139D55D6866639DECDB58A80BEC3","17/10/2020 00:09:06"
"173","E28023","Gary","Medina","rodney06@hotmail.com","8809206893",,"M","083 Wong Loaf
Janetfurt, AK 49912","8/12/1980 00:00:00","EC391AD23892B66D50AA3200A7BECD05","17/10/2020 00:09:06"
"174","E28024","John","Webb","ktaylor@yahoo.com","8803286338",,"M","72708 David Spur Apt. 172
New Daltonland, VA 24948","12/12/1967 00:00:00","4B1556A5B869DE80DA914FDC3CA54A74","17/10/2020 00:09:07"
"175","E28025","Sara","Cantrell","brianlevy@gmail.com","8808134285",,"F","Unit 2047 Box 0728
DPO AE 95235","10/12/1974 00:00:00","3C1FF71F28287881824D34F456E3C58B","17/10/2020 00:09:07"
"176","E28026","Vincent","Jackson","aaron95@gmail.com","8804010753",,"M","9311 Allen Landing
Guzmanmouth, IL 32450","13/12/1962 00:00:00","05D4D9BB469570E54094674E47B5B49E","17/10/2020 00:09:07"
"177","E28027","Robert","Welch","uhawkins@hotmail.com","8807988893",,"M","795 Smith Centers Suite 961
Garrisonchester, SC 17464","9/12/1979 00:00:00","31A5AF20F89D995F8233B795A2D43195","17/10/2020 00:09:07"
"178","E28028","Jennifer","Kennedy","vazquezgabriel@gmail.com","8805836907",,"F","8597 Hunter Tunnel
South Angelabury, CA 74971","11/12/1969 00:00:00","D1AFA04CA41375AF051599B610C8FB23","17/10/2020 00:09:07"
"179","E28029","Jason","Thompson","gomezjacqueline@gmail.com","8804186781",,"M","072 Foster Island
Lake Paul, NM 70383","12/12/1964 00:00:00","09C471126D65631D52358C96FF436B42","17/10/2020 00:09:07"
"180","E28030","Jennifer","Hayes","colemandaniel@hotmail.com","8807361877",,"F","PSC 6029, Box 6673
APO AE 95194","5/12/1995 00:00:00","63ADFA2DB52DBED179EE1BCE80EB50AB","17/10/2020 00:09:07"
"181","E28031","Jerry","Jenkins","ryansmith@hotmail.com","8807294889",,"M","9429 Timothy Tunnel Apt. 383
Taylorshire, TN 79761","11/12/1970 00:00:00","BEA053D037DEED58E34BA948F5053221","17/10/2020 00:09:07"
"182","E28032","Katherine","Sellers","amberjohnson@yahoo.com","8804632765",,"F","1193 Fox Terrace
East Thomaschester, PA 96822","7/12/1986 00:00:00","A5E2C6A1A8616EF8F89CAD34C0047B15","17/10/2020 00:09:08"
"201","E28051","Carol","Rodriguez","hernandezmichael@gmail.com","8803556334",,"F","65810 Melissa Brooks Apt. 105
Port Josephview, ME 43771","5/12/1993 00:00:00","82FBBD492034D656FFC793C810FF267C","17/10/2020 00:09:11"
"202","E28052","Ricky","Ray","rmarshall@yahoo.com","8807282788",,"M","1894 Jason Place
Melissaville, MO 53139","7/12/1984 00:00:00","A896671D2904EB991094EF49EC8BD9A3","17/10/2020 00:09:11"
"203","E28053","Alyssa","Murphy","perrysierra@hotmail.com","8807730191",,"F","328 Sherman Meadow
West Lorifort, NJ 55615","13/12/1962 00:00:00","A378F53430E8795370CB7ABA14021DDF","17/10/2020 00:09:11"
"204","E28054","Ellen","Martinez","ojones@gmail.com","8803630186",,"F","407 Thomas Cove
Lake Juan, OR 99049","11/12/1971 00:00:00","8A1C2183B371D6EC944FD126FEA90C8C","17/10/2020 00:09:11"
"205","E28055","Sarah","Camacho","alexandria81@gmail.com","8806143942",,"F","USCGC Alvarez
FPO AP 72012","8/12/1983 00:00:00","3F4194A8DF2E397A37C0A0C131A55929","17/10/2020 00:09:11"
"206","E28056","Charles","Bush","anne40@yahoo.com","8803109993",,"M","012 Gomez Brook Suite 958
Amandaside, SC 30937","5/12/1992 00:00:00","D2B356CBBDB58F791ADA5ED6C477FA7D","17/10/2020 00:09:11"
"207","E28057","Jessica","Robinson","garcialindsay@hotmail.com","8809443452",,"F","78581 Howell Ford
Carrollmouth, HI 85412","7/12/1987 00:00:00","B36DF224F45502B05ACD18FDE87A2024","17/10/2020 00:09:11"
"208","E28058","David","Berry","susanwatts@yahoo.com","8805168586",,"M","557 Ray Inlet Apt. 125
Leebury, GA 36185","12/12/1965 00:00:00","C5B9A4C870E001AEDD82BDE1AD27D3A0","17/10/2020 00:09:12"
"209","E28059","Cynthia","Steele","tcox@hotmail.com","8801932039",,"F","1132 Dennis Ports
East Angelaborough, MN 12670","9/12/1978 00:00:00","240F24FCEAD28E3278D67C52995F814D","17/10/2020 00:09:12"
"210","E28060","Michael","Reyes","tina38@hotmail.com","8804154506",,"M","012 Ian Walks Suite 778
New Ericaberg, MI 45125","6/12/1991 00:00:00","F726B8C49EBB51F28B6463EE06F5896E","17/10/2020 00:09:12"
"211","E28061","Angela","Evans","jonathan91@hotmail.com","8808843383",,"F","3953 Wright Roads Apt. 617
East Meagan, TX 08239","9/12/1976 00:00:00","C27C61EC176C9B1D9B0627645E63762B","17/10/2020 00:09:12"
"212","E28062","Michael","Beard","stacywebb@yahoo.com","8802219104",,"M","USS Bryan
FPO AA 96123","13/12/1962 00:00:00","6F0AAEB8E216A79EFE3F31D9059A874B","17/10/2020 00:09:12"
"213","E28063","Edward","Wells","michelleramos@yahoo.com","8805910770",,"M","USCGC Hayes
FPO AE 30685","13/12/1962 00:00:00","761E2B6A9151FCE913B175330FF81753","17/10/2020 00:09:13"
"214","E28064","Brenda","Perry","delgadokaren@hotmail.com","8803091713",,"F","USCGC Gonzales
FPO AA 93648","9/12/1977 00:00:00","A99A83E218909E531D76F0808CE11FF7","17/10/2020 00:09:13"
"215","E28065","Kelly","Gibson","pattersoneric@yahoo.com","8801522457",,"F","00781 Mark Center Apt. 662
Hickmanmouth, AZ 34471","6/12/1990 00:00:00","884BE877EDCE4AC6566552254A58BD77","17/10/2020 00:09:13"
"216","E28066","John","Berger","danielmiller@gmail.com","8805735935",,"M","6740 Brianna Plaza
Ellisfurt, NY 65328","7/12/1985 00:00:00","3B21562443417B5AEADA1BC54B874E71","17/10/2020 00:09:13"
"217","E28067","Robyn","Hughes","sotojennifer@yahoo.com","8808372771",,"F","9306 Matthew Turnpike Suite 405
Jacquelinefort, VT 22070","9/12/1977 00:00:00","3BFE6E4ADC42F4E5481A55FBF12CB1B6","17/10/2020 00:09:13"
"218","E28068","Laurie","Frank","tonysmith@hotmail.com","8804836473",,"F","112 Christopher Port
West Josephton, KS 70134","9/12/1976 00:00:00","A0AF871B68CA06E6FF43F63B40682BB8","17/10/2020 00:09:13"
"144","P25094","John","Watson","mandrews@yahoo.com","8802532052",,"M","329 Rowe Village Suite 468
Lake Greg, RI 48647","11/12/1971 00:00:00","E01E91BC6CF93B215AAA9E330C05E601","17/10/2020 00:09:01"
"145","P25095","Sara","Spencer","kyle27@yahoo.com","8805330346",,"F","628 Evan Union Suite 806
Gabrielfort, NH 61679","9/12/1977 00:00:00","9B010AE8B2C00B5D745BCCAD7F5E9574","17/10/2020 00:09:01"
"146","P25096","John","Abbott","yesenia09@gmail.com","8801734950",,"M","5937 Angela Drive Suite 156
Brendabury, SD 59082","12/12/1966 00:00:00","188FA33F9510897EBD125EEF0A16D512","17/10/2020 00:09:01"
"147","P25097","Patrick","Herrera","thomas47@hotmail.com","8802660206",,"M","5737 Ann Center
Lake Andrea, CO 56031","9/12/1978 00:00:00","A46FA0E08AD6A9ABED12380E294296C6","17/10/2020 00:09:01"
"148","P25098","Phillip","Bell","carlos86@hotmail.com","8804170425",,"M","18490 Hernandez Freeway
Port William, NE 94954","5/12/1993 00:00:00","0B660CA9D96250197D16FA489EBE1176","17/10/2020 00:09:02"
"149","P25099","Rodney","Ward","lpennington@yahoo.com","8801016098",,"M","PSC 4748, Box 9241
APO AA 29624","12/12/1966 00:00:00","E565F71BE2105CF3BC0803BA4A9ED3C8","17/10/2020 00:09:02"
"150","P25100","Eric","Crawford","howardchristopher@hotmail.com","8804937063",,"M","11374 Dennis Springs Apt. 371
Lake Michael, MS 36821","5/12/1992 00:00:00","044FD5CEA8894BF8F4E4F7A9636AF8F4","17/10/2020 00:09:02"
"151","E28001","Manuel","Martinez","kelseyrichardson@hotmail.com","8808252739",,"M","028 Frank Centers Apt. 447
Keithfurt, VT 50481","8/12/1982 00:00:00","E696B057C099A3340A57F4000E3F1462","17/10/2020 00:09:02"
"152","E28002","Melissa","Chaney","jdavidson@gmail.com","8803361815",,"F","62354 Edwin Streets Suite 284
Port Jenniferland, WI 36035","9/12/1979 00:00:00","1AC62C562A754FB867ADC267BFCBB894","17/10/2020 00:09:03"
"153","E28003","Tracey","Morris","boothtracy@gmail.com","8803226859",,"F","872 Erin Springs
Cannonstad, GA 03728","10/12/1973 00:00:00","B1F9D38A1B7F6CA1D27065E4D1D1C480","17/10/2020 00:09:04"
"183","E28033","George","Davidson","ndouglas@hotmail.com","8807111840",,"M","40566 Barbara Shoal Suite 925
East Matthewborough, IN 91013","8/12/1983 00:00:00","6D2C7C4A8204609B33CEEB94E2C4C26F","17/10/2020 00:09:08"
"184","E28034","Matthew","Alexander","murphyroberta@yahoo.com","8806891686",,"M","7182 Grant Tunnel
North Marktown, WY 66059","6/12/1991 00:00:00","8EA84ACFB5D5D88864B956C42E61442D","17/10/2020 00:09:08"
"185","E28035","Kathleen","Daniel","elizabethgarcia@yahoo.com","8807723379",,"F","19537 Philip Gardens Suite 441
Natalieland, CA 22274","5/12/1994 00:00:00","B809BB7C59DE5B2949D822086A9F39AF","17/10/2020 00:09:08"
"186","E28036","Angel","Sexton","teresamontgomery@yahoo.com","8808043316",,"M","9893 Beverly Port Suite 017
Walshmouth, MT 25369","12/12/1967 00:00:00","721950251AB0A393DECAFC88AF4B0023","17/10/2020 00:09:08"
"187","E28037","Brittany","Mason","jessicamartin@yahoo.com","8803950643",,"F","71907 Jeffrey Mill
Dustinside, MS 24954","8/12/1980 00:00:00","66DCD534068A1B5F5956EA0D586CF57E","17/10/2020 00:09:08"
"188","E28038","Angela","Medina","davidthomas@yahoo.com","8807142540",,"F","66352 Steven Corners Suite 927
South Williamport, IA 00663","13/12/1962 00:00:00","69ED9C2AFD9E5FAEA57ABCCBABB5FF76","17/10/2020 00:09:08"
"189","E28039","Jeffrey","Jordan","jessica73@yahoo.com","8801113539",,"M","66221 Stevenson Radial Apt. 368
Amandaview, SC 18416","4/12/1996 00:00:00","0534F5E08D99846CBD994CE6A517F599","17/10/2020 00:09:09"
"190","E28040","Daniel","Hall","guerrerorobert@gmail.com","8808422528",,"M","87059 Alan Trail Apt. 561
New Chad, SD 82031","11/12/1968 00:00:00","B73E2BFC1A634695E54594D1B2F2C1E0","17/10/2020 00:09:09"
"191","E28041","Nancy","Kidd","traviscopeland@gmail.com","8803553460",,"F","5307 Christopher Valleys
Richardsonstad, AK 81877","9/12/1976 00:00:00","6EC846B6C285E486C24211CAF50B5C33","17/10/2020 00:09:09"
"192","E28042","Sharon","Lopez","matthew27@hotmail.com","8807645854",,"F","568 Troy Manor
New Bruce, WA 71904","13/12/1962 00:00:00","7B8FF52D1B563217EA98BE1375589F8D","17/10/2020 00:09:09"
"193","E28043","Kayla","Hicks","jesuswebb@yahoo.com","8804931568",,"F","651 Clark Parkway
North Jasonville, OR 07641","7/12/1986 00:00:00","B47E797013F4C9BC35EC9FBDFFE98F5B","17/10/2020 00:09:09"
"194","E28044","Kimberly","Barr","brian40@gmail.com","8801390849",,"F","1152 Jones Hollow
Hillbury, OR 16257","6/12/1991 00:00:00","A9EC54360B155F401E40DDE55FE5DEEF","17/10/2020 00:09:09"
"195","E28045","Laurie","Simon","davidcastillo@hotmail.com","8808867337",,"F","71144 Michael Ports
Robertburgh, AL 28082","9/12/1976 00:00:00","DE0432ED03A5862839336D1BF1F76E59","17/10/2020 00:09:10"
"196","E28046","Katie","Ochoa","johnsondana@yahoo.com","8808513811",,"F","7589 Williamson Mission
West Lisa, ID 04105","7/12/1984 00:00:00","F5B48EDBF5D0ACA2226A1BAA199C1FFF","17/10/2020 00:09:10"
"197","E28047","Christopher","Garcia","tina99@hotmail.com","8801247729",,"M","Unit 9587 Box 5812
DPO AA 61504","9/12/1978 00:00:00","11D821F0ECFE17CEF9CF4BF4FA1AD2DD","17/10/2020 00:09:10"
"198","E28048","Samuel","Wright","smitheduardo@hotmail.com","8803881714",,"M","4275 Collins Trafficway Suite 169
New Leahtown, RI 43500","6/12/1989 00:00:00","88F3A53AA8B70E3D38DF658FC5442CDC","17/10/2020 00:09:10"
"199","E28049","Kevin","Tucker","dylan80@hotmail.com","8804210084",,"M","231 Mark Parks
Carlview, GA 96248","5/12/1993 00:00:00","1702749E9FD650AED184E12EE6A7FEE5","17/10/2020 00:09:10"
"200","E28050","Donna","Ryan","alexamiranda@hotmail.com","8806426471",,"F","418 Weeks Burgs Apt. 059
North Vanessa, NM 00636","5/12/1994 00:00:00","F4AF3E454B4C0AF45932F497596B0621","17/10/2020 00:09:10"
"219","E28069","Timothy","Morales","iphillips@yahoo.com","8805653427",,"M","983 Harrison Spur Apt. 522
West Andrew, NY 47909","12/12/1967 00:00:00","2BA5BB5E815E55EBBBEC898375993E19","17/10/2020 00:09:13"
"220","E28070","Craig","Smith","patrickhowell@hotmail.com","8802522457",,"M","8736 Weber Spurs
East Kennethside, CO 49725","8/12/1980 00:00:00","698CA9B51E05C58EC88E0ABA1CE4E16B","17/10/2020 00:09:13"
"221","E28071","Michael","Mathews","ahatfield@yahoo.com","8802468897",,"M","002 Joseph Run Suite 019
Collinsborough, OR 54406","5/12/1994 00:00:00","1C7C424F0DBCE7AADA3E31AF81E126B2","17/10/2020 00:09:14"
"222","E28072","Keith","Levy","freemanvalerie@gmail.com","8802192470",,"M","244 Mcclure Vista
Cynthiatown, MD 90055","7/12/1984 00:00:00","8FECE6586885068668BACBD025B44AA9","17/10/2020 00:09:14"
"223","E28073","Julie","Hernandez","hernandezjohn@yahoo.com","8801911166",,"F","995 Adkins Points
Figueroamouth, IA 19002","10/12/1973 00:00:00","F278D7B2E6520E09601A17F371E51515","17/10/2020 00:09:14"
"224","E28074","Alan","Smith","william77@hotmail.com","8801169150",,"M","966 Jeffrey Harbors Apt. 401
New Samantha, MD 85501","10/12/1975 00:00:00","E9AA09ABB8538C0EE1433D36B05C3BD6","17/10/2020 00:09:14"
"225","E28075","Mr.","Eric","bradleyfernandez@gmail.com","8804583120",,"M","6839 Mann Cape
Cunninghamfurt, MO 22066","5/12/1992 00:00:00","5AFD830E00744CB8E537E34BC7268288","17/10/2020 00:09:14"
"226","E28076","Donna","Taylor","robinsonkent@gmail.com","8802370759",,"F","78063 Malik Rest
Port Heatherton, NV 05211","6/12/1990 00:00:00","6977BEB86381F70C8D88B1CE167B1BD2","17/10/2020 00:09:14"
"227","E28077","Joshua","Gallegos","dmatthews@gmail.com","8802453403",,"M","4191 Reid Trafficway Apt. 097
Palmerland, GA 91650","7/12/1985 00:00:00","66075313E11887F6D2F4AB66F7BFCA68","17/10/2020 00:09:14"
"228","E28078","Autumn","Key","veleznichole@yahoo.com","8804741971",,"F","3212 Jessica Cliffs
Jamesfort, NJ 74034","9/12/1978 00:00:00","B24706005D0AA1C6341BF34A50A75A16","17/10/2020 00:09:15"
"229","E28079","Christopher","Peterson","chadramirez@gmail.com","8809412683",,"M","44548 Julie Roads Apt. 993
Port Shawnmouth, NY 23762","8/12/1982 00:00:00","FF70C53B339544FF0A84A1FB43C19312","17/10/2020 00:09:15"
"230","E28080","Timothy","Cole","david31@yahoo.com","8805713974",,"M","1923 Gonzalez Burg Apt. 711
Choitown, MI 91823","6/12/1990 00:00:00","8A31A9615EF3DC92703837A211E55FE1","17/10/2020 00:09:15"
"231","E28081","Kenneth","Singh","morgan35@yahoo.com","8808473236",,"M","USNS Banks
FPO AP 93788","6/12/1989 00:00:00","6559D6C15C26EE0799875A4B1F36FF4B","17/10/2020 00:09:15"
"232","E28082","Susan","Burgess","hornrebecca@gmail.com","8807365330",,"F","3231 Rachel Forest
Port Christina, OR 48702","10/12/1974 00:00:00","7C77DE1DF0849451181012133563973C","17/10/2020 00:09:15"
"233","E28083","James","Mcguire","rebecca19@hotmail.com","8807644117",,"M","84223 Mercado Pines Apt. 691
New Robertburgh, NC 94040","12/12/1964 00:00:00","0E1F5626FDDF95132CB00A91F96D92B1","17/10/2020 00:09:15"
"234","E28084","Kevin","Henry","jeffreynguyen@gmail.com","8806687534",,"M","1857 Molly Vista
Edwardmouth, IA 93524","7/12/1984 00:00:00","36D516751C196F6641E0C5589724B4F3","17/10/2020 00:09:16"
"235","E28085","Bobby","Jacobs","ysmith@gmail.com","8809241901",,"M","507 David Center Suite 933
West Katelyn, VA 81557","11/12/1969 00:00:00","7689C05F515CC661B7B8D91A068C47BF","17/10/2020 00:09:16"
"236","E28086","Travis","Garcia","michaelhenderson@gmail.com","8801631725",,"M","1550 Morgan Junctions
South Robert, NY 68934","8/12/1981 00:00:00","137B6C64A2BAEB97637035E368F2C72F","17/10/2020 00:09:16"
"237","E28087","Brittany","Willis","robin95@gmail.com","8804425553",,"F","748 Sandra Hill
Ryanmouth, IA 26990","12/12/1966 00:00:00","75BF3F9722A32A9BC90230FE97AD06A4","17/10/2020 00:09:16"
"284","D21053","Sajid","Hasnat","sajid@gmail.com","0155348890",,"M","250, mirpur, Dhaka","11/12/1996 00:00:00","D23E36C84FC09DB430048A72D2271BF0","11/12/2020 21:06:47"
"264","P25101","Jayanta","Sadhu","jayantasadhu4557@gmail.com","01627772729",,"M","Mirpur, Paikpara","17/2/2000 00:00:00","8925431EAC7F82660F2E691E793F9E59","2/12/2020 00:00:01"
"261","A15001","Drake","Remoray","drake@gmail.com","8801732428429",,"M","15 Mirpur, Dhaka",,"2A2CF773B5793CDAEFB0F273E2A0D59E","29/10/2020 09:53:57"
"247","E28097","Christina","Richardson","carlos53@yahoo.com","8802140879",,"F","0321 Horn Rue Apt. 228
Timothyland, MO 79568",,"FB2641ADEE52E4E5CEF77253BD222040","17/10/2020 00:09:18"
"248","E28098","Kathleen","Jenkins","jacqueline75@gmail.com","8804772265",,"F","682 Chad Hills
North Jaredview, IA 16263",,"D10BCDD58D29C37656985F967E1AA418","17/10/2020 00:09:18"
"249","E28099","Kristina","Burgess","anthonytorres@gmail.com","8807079629",,"F","076 Bell Rapids Suite 540
Port Ianland, DC 15441",,"BC2842E6B7CF2388F6ACF2FF39A19745","17/10/2020 00:09:18"
"250","E28100","Diane","Collins","andrewmonroe@yahoo.com","8808538320",,"F","40424 Davis Squares
East Mary, DC 07675",,"C8E158C12BC476F8A50B1B58583E3D21","17/10/2020 00:09:18"
"238","E28088","Victoria","Johnson","jkoch@gmail.com","8802950594",,"F","0716 Robert Street Apt. 204
Millertown, HI 90054","8/12/1981 00:00:00","BE1BA53405217E52C40058E51722569B","17/10/2020 00:09:16"
"239","E28089","Trevor","Serrano","dgraves@hotmail.com","8801257289",,"M","USS Wilson
FPO AE 52578","11/12/1968 00:00:00","BA608BF7091D3D6A0E7CA48523535451","17/10/2020 00:09:16"
"240","E28090","Troy","Wade","odonnellsuzanne@hotmail.com","8806824255",,"M","Unit 3426 Box 8891
DPO AA 97382","9/12/1976 00:00:00","B49A99516D9478CE036F3533115FFD75","17/10/2020 00:09:17"
"241","E28091","Randy","Cunningham","jonesjon@gmail.com","8807225818",,"M","75356 King Lane Apt. 731
East Steven, PA 16326","7/12/1985 00:00:00","7523BEFE208F3E73644C76390DC1235A","17/10/2020 00:09:17"
"242","E28092","Mr.","Carl","creeves@yahoo.com","8806856056",,"M","449 Jack Port Apt. 487
New Christopherhaven, UT 59032","6/12/1989 00:00:00","A9F4AE64AFF24014EF159EB2BA45D6D9","17/10/2020 00:09:17"
"243","E28093","John","Powers","marydavis@gmail.com","8803659734",,"M","8026 Chloe Forge Suite 835
Lawrenceville, NH 14769","4/12/1996 00:00:00","04BBBC4928FCCCA79AADFC73B1BD59FF","17/10/2020 00:09:17"
"244","E28094","Anthony","Martinez","fhester@yahoo.com","8808891513",,"M","8598 Wendy Square
North Bonniefort, AZ 16775","6/12/1989 00:00:00","55674F4464921D3D23C82FCE5317E0F3","17/10/2020 00:09:17"
"245","E28095","Leslie","Rojas","julie46@yahoo.com","8806733265",,"F","24952 Melanie Expressway Suite 375
Jennifermouth, NM 76667","7/12/1985 00:00:00","16DF75008675B8E46666BE2BFADABFE8","17/10/2020 00:09:17"
"246","E28096","Julia","Bryant","bradley44@hotmail.com","8807212737",,"F","119 Julie Knolls Suite 228
Jessicashire, VA 64959","9/12/1977 00:00:00","3A76D1592E02F47F273E95096DD662A4","17/10/2020 00:09:18"
"262","E28101","Pushpita","Joardar","push@gmail.com","0174444222",,"F","banani","21/9/1997 00:00:00","71390584F4DA3867B08F922BEEB2C11D","1/12/2020 23:55:17"
"263","D21051","Afrin ","Jahan","afrin@gmail.com","01322443566",,"F","dmc girls hostel","2/12/1999 00:00:00","8213666181274811B1FA75D8299E8019","1/12/2020 23:57:21"
"282","D21052","Riyad ","Ahsan","riyadahsan@gmail.com","09872552",,"M","Mohammadpur","11/12/1998 00:00:00","807BC53A159EB90A10320C001638DB31","11/12/2020 20:17:20"
"283","E28102","Shakil","Ahmed","shakil@gmail.com","01723334563",,"M","Puran Dhaka","11/12/1997 00:00:00","1EA0444CE8E31A28C1A1E5C60981E3EB","11/12/2020 20:19:16"
